Artist	Occurrences
	2912
Jack & Jack	1700
The Janoskians	994
One Direction	426
U2	398
Justin Bieber	356
Shawn Mendes	261
Ariana Grande	210
5 Seconds of Summer	199
None	185
Taylor Swift	141
Ed Sheeran	141
Katy Perry	78
twenty one pilots	75
Fifth Harmony	74
Drake	74
Selena Gomez	73
Avicii	72
Rihanna	72
ZAYN	68
The 1975	64
Bruno Mars	64
Beyoncé	64
Demi Lovato	64
Troye Sivan	63
Maroon 5	61
The Weeknd	57
Adele	55
Halsey	52
Little Mix	52
Melanie Martinez	52
Calvin Harris	52
Foo Fighters	49
All Time Low	49
Sapphire	46
Imagine Dragons	46
Mariah Carey	45
Justin Timberlake	43
Lana Del Rey	42
Green Day	42
Miley Cyrus	40
Jason Derulo	40
Lorde	39
Coldplay	39
Jacob Whitesides	39
Jake Miller	39
Jack and Jack	38
Ellie Goulding	38
Fall Out Boy	36
5 Seconds Of Summer	36
The Vamps	34
Bea Miller	32
Nicki Minaj	32
Flo Rida	31
Austin Mahone	31
John Legend	31
Red Hot Chili Peppers	30
Meghan Trainor	30
Christina Perri	29
Michael Buble	29
LOU	29
Sia	28
Jack &amp; Jack	28
David Guetta	28
Arctic Monkeys	28
Eminem	27
Connie Talbot	27
Paramore	26
Panic! At the Disco	26
Becky G	24
Kanye West	24
Daniel Skye	23
Janoskians	23
Cody Simpson	23
Avril Lavigne	22
Tove Lo	22
Cameron Dallas	21
Pharrell Williams	21
Charlie Puth	21
Sam Smith	21
Kalin and Myles	20
The Script	20
Faydee	20
Echosmith	20
G-Eazy	19
R5	19
Capital Cities	19
Nick Jonas	19
Prince	19
Disclosure	19
Macklemore & Ryan Lewis	19
Major Lazer	19
Skate	18
Jessie J	18
Alessia Cara	18
The Neighbourhood	18
Various Artists	18
Iggy Azalea	17
Enrique Iglesias	17
OneRepublic	17
Nirvana	17
Britney Spears	17
Chris Brown	17
Queen	17
Kelly Clarkson	17
DJ James Yammouni	16
Zedd	16
Blackbear	16
Carly Rae Jepsen	16
Sam Hunt	16
James Yammouni & In Stereo	16
Kodaline	16
Sammy Wilk	16
Jonas Brothers	16
Bridgit Mendler	15
2007 Winter SM Town	15
Ruth B.	15
Adam Lambert	15
DNCE	15
Lukas Graham	15
Tori Kelly	15
Blink 182	15
The xx	15
American Authors	15
Omi	15
The Chainsmokers	14
Santa Tell Me - Single	14
Twenty One Pilots	14
MKTO	14
The Beatles	14
Oasis	14
My Chemical Romance	14
Sabrina Carpenter	14
Fetty Wap	14
Wiz Khalifa	14
Jason Mraz	13
Usher	13
Beyonce	13
Passenger	13
Blink-182	13
Fabian Reichelt & Raycoux Jr.	13
Kaskade	13
Charli XCX	13
Single Hits 58	13
Pentatonix	13
Cher Lloyd	12
Black Coast	12
Childish Gambino	12
Rae Sremmurd	12
Jessie J, Ariana Grande & Nicki Minaj	12
Purpose (Deluxe)	12
Glee Cast	11
Alicia Keys	11
Mike Posner	11
Bastille	11
Felix Jaehn	11
Melissa Sings	11
Mr. Probz	11
A Great Big World	11
Ke$ha	11
Skrillex & Diplo	11
Lady Gaga	11
The Rolling Stones	11
Madison Beer	10
J. Cole	10
Bring Me the Horizon	10
Panic! At The Disco	10
David Bowie	10
Sleeping With Sirens	10
Josh Woodward	10
Ricky Dillon	10
Neon Trees	10
Chase & Status	10
Snakehips	10
Dharius	9
MGMT	9
Olly Murs	9
Ariana Grande & The Weeknd	9
Big Time Rush	9
DNA: The Deluxe Edition	9
Bryson Tiller	9
All That Remains	9
Moby	9
Big Bang	9
The Wanted	9
Owl City	9
Taylor Swift 	9
Jack and Jack 	9
Hailee Steinfeld	9
the Script	9
Fergie	8
Griffin Tucker	8
Dylan Holland	8
Big Sean	8
The Black Eyed Peas	8
Jack & Jack 	8
Kari Jobe	8
Christina Aguilera	8
Kygo	8
Jhené Aiko	8
Madonna	8
Hoodie Allen	8
The Mortal Instruments: City of Bones (Original Motion Picture Soundtrack)	8
The Maine	8
James Bay	8
JAY Z & Kanye West	8
Black Veil Brides	8
Guns N' Roses	8
Rod Stewart	8
Selena Gomez & The Scene	8
Christmas Songs	8
B.o.B	8
DJ Rupp & Jack & Jack	8
Rixton	8
Rachel Platten	8
Birdy	8
OMI	8
Jeremih	7
Duke Dumont	7
Alli Simpson	7
빅뱅(Big Bang)	7
Blake Shelton	7
Calvin Harris & Disciples	7
Pia Mia	7
Michael Jackson	7
Zara Larsson	7
Clean Bandit	7
Ron Pope	7
Zac Brown Band	7
Tatiana Manaois	7
Two Door Cinema Club	7
TRINITY	7
Adentro	7
Colbie Caillat	7
2Virgins	7
Justice Crew	7
Cashmere Cat	7
Daft Punk	7
Marina and The Diamonds	7
Crystal Fighters	7
Under The Mistletoe	7
Angela	7
Icona Pop	7
Oh Wonder	7
Sigala	7
Trey Songz	7
Luke Bryan	7
Cyndi Lauper	7
Alina Baraz & Galimatias	7
Navidad	7
Confident (Deluxe Edition)	6
Lost Frequencies	6
WALK THE MOON	6
One Republic	6
Lily Allen	6
The Pretenders	6
Bars and Melody	6
Gorgon City	6
Train	6
Hyuna	6
Ingrid Michaelson	6
Tom Odell	6
DJ Snake	6
Better Together	6
AC/DC	6
R. City	6
Mac Miller	6
Joe Brooks	6
gnash	6
The Lumineers	6
Omarion	6
Travie McCoy Feat. Bruno Mars	6
Redlight	6
Of Monsters and Men	6
Pet Shop Boys	6
My Everything (Deluxe)	6
Bullet For My Valentine	6
Alesso	6
Galantis	6
Round2Crew	6
Young Skate & Sammy Wilk	6
Mark Ronson	6
Shawn Mendes & Camila Cabello	6
Bon Jovi	6
McFly	6
Daya	6
Alex & Sierra	6
R. Kelly	6
Passion Pit	6
Deorro & Chris Brown	6
Fun.	6
AVENGED SEVENFOLD	6
Frank Ocean	6
Hillsong UNITED	5
Calvin Harris Ft. Ellie Goulding	5
Tinashe	5
Pearl Jam	5
Skrillex and Diplo	5
Drake Bell	5
Thousand Foot Krutch	5
Kendrick Lamar	5
Drag Me Down - Single	5
Desiigner	5
will.i.am	5
Jay Sean	5
Tyga	5
I Bet My Life	5
Thomas Rhett	5
Ne-Yo	5
Foxes	5
Simple Plan	5
Meek Mill	5
Snow Patrol	5
You Me At Six	5
Rita Ora	5
HAIM	5
Jonah Marais	5
blink-182	5
Redfoo	5
DJ Snake & Lil Jon	5
AC-DC	5
Christina Grimmie	5
Kiesza	5
Rend Collective	5
소녀시대 (Girl's Generation)	5
Silentó	5
Florida Georgia Line	5
50 Cent	5
X Ambassadors	5
Www.AnivelMundial.NeT - Purpose	5
Paul McCartney	5
Jonas Blue	5
Against The Current	5
John Mayer	5
The Fray	5
Best Coast	5
Marianas Trench	5
Hozier	5
Red Hot Chilli Peppers	5
BØRNS	5
Boys Like Girls	5
LMFAO	5
Black Eyed Peas	5
Nico & Vinz	5
Rascal Flatts	5
Guardians of the Galaxy (Deluxe)	5
Hillsong	5
Hollie Steel	5
Mahogany Lox	5
Red	5
Zendaya	5
Bon Iver	5
Shakira	5
P!nk	5
Not a Bad Thing - Single	5
Oh Honey	5
The Killers	5
The Strokes	5
Union J	5
Pitbull	5
Conor Maynard	5
SoMo	5
SafetySuit	5
Kat Dahlia	5
AlunaGeorge	4
Foals	4
Kylie Minogue	4
Noisettes	4
Tegan and Sara	4
Led Zeppelin	4
James Taylor	4
The Pussycat Dolls	4
Maroon 5 	4
Elle King	4
James Blunt	4
The Piano Guys	4
a-ha	4
Demi Lovato 	4
Ginuwine	4
Drake & Future	4
Glee: The Music, The Christmas Album, Vol. 3	4
Journey	4
G-Eazy x Bebe Rexha	4
Yo Gotti	4
Sean Paul	4
포미닛(4minute)	4
Elvis Presley	4
Sum 41	4
Kid Ink	4
Dawin	4
Samsung	4
Radiohead	4
Sunrise Avenue	4
The Summer Set	4
Smash Mouth	4
Barei	4
Nickelback	4
Jose Feliciano	4
Love in the Future	4
Benny Benassi	4
Regina Spektor	4
After School	4
AWOLNATION	4
Hilary Duff	4
Trivium	4
Justin Bieber & Mariah Carey	4
Reed Deming	4
Karmin	4
Milky Chance	4
Hillsong United	4
Trevor Moran	4
Brand Music	4
Florence + The Machine	4
Jess Glynne	4
Christmas & Chill - EP	4
Listen (Deluxe Version)	4
Andy Grammer	4
Justin Bieberr	4
Third Eye Blind	4
The Black Keys	4
Nelly	4
Panic! at the Disco	4
Counting Crows	4
Nashville Cast	4
M83	4
에일리	4
Empire of the Sun	4
The Cure	4
Mumford & Sons	4
Brandon Skeie	4
Borgore	4
Kenny Holland	4
Years &amp; Years	4
Here We Go Again	4
Muse	4
A Rush of Blood to the Head	4
Armin van Buuren	4
Shwayze	4
The Clash	4
Made in the A.M. (Deluxe Edition)	4
Wilkinson	4
These Are Special Times	4
Weezer	4
투에니원	4
Zara Larsson &amp; MNEK	4
Pink Floyd	4
Grace	4
Years & Years	4
Brett Eldredge	4
T-Wayne	4
Backstreet Boys	4
Kings of Leon	4
Madcon	4
MAGIC!	4
Israel Kamakawiwo'ole	4
Whitney Houston	4
The Kooks	4
Barbie	4
Elton John	4
The Corrs	4
Major Lazer & DJ Snake	4
Ricky Martin	4
The Verve	4
Matt Corby	4
Maluma	4
Gnash	4
V	4
Idina Menzel	4
Prince Royce	4
La Douche	3
George Ezra	3
Yo La Tengo	3
씨스타19	3
AJR	3
Onision	3
Joel Adams	3
Kwabs	3
Billboard Hot 100	3
Made in the A.M.	3
The Offspring	3
Holiday Bundle	3
Jesse McCartney	3
Hillsong Live	3
The All-American Rejects	3
Linkin Park	3
Coldplay feat.Avicii	3
Catfish and the Bottlemen	3
Dove Cameron	3
Hunter Hayes	3
AURORA	3
The Police	3
Joey Graceffa	3
Marilyn Manson	3
Hannah Montana	3
Christmas	3
Jack Johnson	3
Chicane	3
Demi Lovato-MuSiCaCeNtRaL.CoM & ReLoADeD69.NeT	3
Morgan Page	3
Zara Larsson & MNEK	3
Afrojack	3
Conrad Sewell	3
The Monkees	3
Banks	3
Tracy Chapman	3
Little Sea	3
Last Dinosaurs	3
Migos	3
Loggins & Messina	3
Phil Collins	3
Jared Evan	3
Shwayze & Cisco	3
Destiny's Child	3
Mylo Xyloto	3
Bryan Cox & Sergio Pardo	3
Shawn Mendes &amp; Camila Cabello	3
Europe	3
Carly Rae Jepsen & Justin Bieber	3
Taio Cruz	3
Cee Lo Green	3
Grimes	3
Edward Sharpe & The Magnetic Zeros	3
EDX	3
Phillip Phillips	3
Basement Jaxx	3
Cat Power	3
JAY Z	3
Aerosmith	3
Sofia Karlberg	3
Michael Jackson & Justin Timberlake	3
DJ Rupp & Sammy & Skate	3
Cascada	3
Made In The A.M. (Deluxe Edition)	3
Daniel Skye Feat. Cameron Dallas	3
ODESZA	3
Andrea Balency	3
A$AP Rocky	3
Keith Urban	3
Scouting for Girls	3
Ben Haenow	3
Justin Bieber Feat. Boyz II Men	3
Anastasia Richardson	3
LA BANDA TIMBIRICHE	3
Kasabian	3
SelenaGomezVEVO	3
Cage the Elephant	3
Vance Joy	3
Evanescence	3
Shaggy	3
Never Shout Never	3
The Girl and The Dreamcatcher	3
Johnny Nash	3
Talking Heads	3
Darius Rucker	3
The Associates	3
Asking Alexandria	3
Shannon Saunders	3
Jessie Ware	3
Kolohe Kai	3
50 cent	3
Last Christmas - Single	3
Gotye ft. Kimbra	3
Mike Snow	3
Amber Run	3
Take Me Home	3
East India Youth	3
Robin Thicke (feat. T.I. & Pharrell)	3
Disclosure feat. Sam Smith 	3
Cars Original Soundtrack	3
Peace	3
Fun	3
Reik	3
PURPOSE	3
Sub Focus	3
James Hersey	3
The Eagles	3
1989 (Deluxe)	3
Alan Walker	3
Emblem3	3
Yannick Bovy	3
Jolie Holland	3
T.I. ft. Eminem	3
Mako	3
Bob Dylan	3
Skrillex	3
Lady GaGa	3
Sarah McLachlan	3
New Order	3
Steve Martin & The Steep Canyon Rangers	3
Jessie J/Ariana Grande/Nicki Minaj	3
Hotline Bling - Single	3
mp3lio.com	3
The Cab	3
Jay-Z	3
Nneka	3
Karate Kid	3
Fleetwood Mac	3
神偷奶爸2 电影原声带 Despicable Me 2 (Original Motion Picture Soundtrack)	3
Boyce Avenue	3
Daughtry	3
 Believe (Deluxe Edition)	3
Eminem & Linkin Park	3
(Www.HonduMusic.Com)	3
Snoop Dogg	3
The Next Step	3
Michael Bublé	3
Aqua	3
Tinie Tempah	3
The Smiths	3
Sammy & Skate	3
Pink	3
Jai Waetford	3
Alex Clare	3
Sara Bareilles	3
Black Sabbath	3
Zayn Malik	3
Stephen Swartz	3
Alex Gaudino featuring Crystal Waters	3
Katy Tiz	3
Iyaz	3
MaterialMusicDownloader	3
Estelle	3
Lil Wayne	3
Hey Violet	3
Van Morrison	3
Paul Simon	3
Nero	3
The Paper Kites	3
Alien24	3
Daughter	3
Falling In Reverse	3
Morning Parade	3
Majid Jordan	3
Tokio Hotel	2
A Great Big World & Christina Aguilera	2
Tyga & Justin Bieber	2
Pixies	2
01	2
Right Said Fred	2
Taylor Henderson	2
Ty Dolla $ign	2
As It Is	2
Lia Marie Johnson	2
Merry Christmas	2
Adel Tawil	2
Frank Turner	2
JC Caylen	2
Alt-J	2
Gaither Vocal Band	2
Ester Dean	2
Steve Aoki, Chris Lake & Tujamo	2
Evil Ebenezer	2
Robbie Williams	2
Three Days Grace	2
Bliss n Eso	2
Oliver Heldens	2
Andrej Markovic	2
Good Charlotte	2
Clean Bandit & Jess Glynne	2
5SOS	2
Rihanna feat. Calvin Harris	2
EverythingEquine	2
Jack Peñate	2
Kill it Kid	2
BORNS	2
Wavves	2
Telly Leung & Godspell Ensemble	2
Bryce Vine	2
fun. ft. Janelle Monáe	2
Bob Marley	2
Donnie Trumpet & The Social Experiment	2
Kevin Gates	2
Kirk Franklin	2
Foster The People	2
Mutemath	2
Midnight Memories (The Ultimate Edition)	2
John Martin	2
All The Little Lights	2
Title - EP	2
Believe - Single	2
Petrichorus	2
Belle and Sebastian	2
Alexi Murdoch	2
All About That Bass (Maejor Remix)	2
Labrinth	2
Future	2
Lenny Kravitz	2
Amy Winehouse	2
katy perry	2
2NE1 (투애니원)	2
McBusted	2
Christmas Kisses - EP	2
Klingande	2
Neon Indian	2
Silverstein	2
INNA	2
Chris Brown X Tyga	2
Sixpence None the Richer	2
Lifehouse	2
Al Green	2
Four	2
The Good Mad	2
Johnny Cash	2
All American Rejects	2
Blonde	2
Switchfoot	2
ACDC	2
Superfly	2
Ross Lynch, Maia Mitchell	2
Despicable Me 2 (Original Motion Picture Soundtrack)	2
Nathan Sykes	2
Manu Chao	2
Basement	2
Carole King & James Taylor	2
Big Data	2
Santigold	2
Bingo Players	2
David Archuleta	2
Los Peces en el Río (Instrumental) - Single	2
BOY	2
Hurts	2
Selena Gomez Ft. ASAP Rocky	2
Karaoke Pro	2
Brandon Heath	2
The Rubens	2
Annie Lennox	2
DJ Fresh	2
Kings Of Leon	2
Twenty One Piltots	2
I Know What You Did Last Summer - Single	2
Nine Inch Nails	2
Christmas - God with Us	2
Axwell Λ Ingrosso	2
Robin Thicke Ft. T.I. & Pharrell	2
Disney Karaoke Series: Christmas Favorites	2
MP3HIP.com	2
Kid British	2
Globalization	2
Owl City & Carly Rae Jepsen	2
Henry Mancini and His Orchestra	2
Mayday Parade	2
Alina Baraz &amp; Galimatias	2
Walk The Moon	2
What Do You Mean?	2
Ariana Grande, The Weeknd 	2
G-Eazy/Devon Baldwin	2
ArianaGrandeVevo	2
Azizi Gibson	2
Troye Sivan ft. Broods	2
Frank Sinatra	2
Prism (Deluxe Edition)	2
Emilia De Poret	2
Carpenters	2
Otis Redding	2
In the Lonely Hour	2
Sounds Good Feels Good	2
Ghost Stories	2
Skrillex, Justin Bieber &amp; Diplo	2
Lewis Watson	2
TWENTY88	2
UrbanMusicHQ.se	2
Cant feel my face	2
Chase Atlantic	2
Unreleased	2
Dirty Work	2
TCTS	2
Fountains Of Wayne	2
MisterWives	2
Dr. Dre	2
Meg & Dia	2
Sean Kingston	2
소녀시대	2
Guy Sebastian	2
Panic At The Disco	2
Kelis	2
CeeLo Green	2
Anarbor	2
Joe Jackson	2
Natalie La Rose	2
Tomorrowland 2012	2
PARTYNEXTDOOR	2
Nao	2
Eric Benét	2
Ross Lynch	2
Joan Baez	2
Wu-Tang Clan	2
Reece Mastin	2
Jack And Jack	2
NAO	2
Revival (Deluxe)	2
Don Diablo	2
Unknow	2
Sebastian Ingrosso, Tommy Trash & John Martin	2
Purpose	2
ZHU	2
Uzo Aduba & Godspell Ensemble	2
MIKA	2
Reba McEntire	2
Lady & Bird	2
We The Kings	2
Chris Isaak	2
John Lennon & Yoko Ono/Plastic Ono Band	2
T.I.	2
I Love You	2
Shift K3Y	2
Blitzen Trapper	2
Toto	2
I - The 1st Mini Album	2
ELISA	2
X	2
Marron 5	2
Animals	2
Kid Cudi	2
Flight Facilities	2
The Turtles	2
Inna	2
Pierce The Veil ft. Kellin Quinn	2
Flume	2
Charlie's Angels Full Throttle	2
Matt and Kim	2
Nico &amp; Vinz	2
Akon	2
Sara Evans	2
Will Young	2
Native	2
Martin Garrix vs. Matisse & Sadko feat. ID	2
Middle (feat. Bipolar Sunshine)	2
Paloma Faith	2
Naughty Boy	2
Gazzo	2
La Roux	2
Martin Garrix	2
Alex G & Peter Hollens	2
Jhene Aiko	2
태연 (Taeyeon)	2
Barrington Levy	2
ABBA	2
Krewella	2
MyLifeAsEva	2
Summer	2
Gorillaz 	2
Sorry	2
Lemonade	2
SOJA	2
Juan Luis Guerra	2
Foster the People	2
Blood On the Dance Floor	2
Metallica	2
Cheerleader (Felix Jaehn Remix Radio Edit) - Single	2
(Www.FlowHoT.NeT)	2
A Day To Remember	2
Tom Rosenthal	2
3OH!3	2
Newsboys	2
Maps - Single	2
Ben Howard	2
05 Rita Ora	2
MAX	2
Plumb	2
Joel Fletcher & Savage	2
The XX	2
John Lennon	2
DJ Khaled	2
Metro Station	2
Nicholas Jonas	2
jack and jack	2
Kehlani 	2
Prince & The Revolution	2
Nico and Vinz	2
Marian Hill	2
Good Kid M.A.A.D City (Deluxe Edition)	2
Yours Truly	2
Dire Straits	2
Don't Stop - EP	2
G Eazy	2
Bella Thorne	2
Willie Nelson	2
Under the Mistletoe [CD/DVD] [Deluxe Edition] Disc 1	2
One Direction :: Teh-Music.Com ::	2
Styles P	2
S Club 7	2
Nicki Minaj & Rihanna	2
2011 SM Town Winter (The Warmest Gift)	2
Ellie Goulding 	2
Justin Bieber 	2
LINKIN PARK	2
FOUR (Deluxe)	2
Joy to the World	2
Dash Berlin	2
Focus - Single	2
Jake Owen	2
Donnie Trumpet &amp; The Social Experiment	2
Tupac	2
Royalty Free Sound Effects Factory	2
Camila	2
Wheatus	2
Focus	2
Erica Sunn	2
Daniela Andrade	2
Grace Mitchell	2
Rick Astley	2
Jason Chen	2
Justin Bieber Feat. Busta Rhymes	2
Samra	2
Envy	2
Death Cab for Cutie	2
Avenged Sevenfold	2
Dido	2
Rajiv Dhall	2
Hedley	2
Yumi Zouma	2
Samantha Jade	2
Sir Mix-A-Lot	2
The Piano Guys 2	2
Reflection (Deluxe)	2
Frozen	2
Ace Wilder	2
Jack & Jack ft. Emblem3	2
Brantley Gilbert	2
Handwritten (Deluxe)	2
Confident - Single	2
Jennifer Lopez	2
Route 94	2
Gabrielle Aplin	2
Journals	2
Karaoke Masterpieces	2
Martin Solveig &amp; GTA	2
Maejor Ali	2
AronChupa	2
Huey Lewis & The News	2
Diplo	2
YP	2
Deep Purple	2
Wale	2
P!NK	2
X (Deluxe Edition)	2
JUNIEL(주니엘)	2
Ben E. King	2
Dirty Vegas	2
Kongos	2
Skrillex &amp; Diplo	2
Paty Cantu	2
Lean On - Single	2
Jagged Edge	2
Bill Withers	2
The All Ways	2
ed Sheeran	2
The Goo Goo Dolls	2
Pantera	2
Meadowlark	2
Rock City	2
Jordan Fisher, Aaron Tveit & Grease Live Cast	2
5 Seconds of Summer (Deluxe)	2
Emeli Sandé	2
Robin Schulz	2
Secondhand Serenade	2
The Doors	2
Casey Abrams	2
Lykke Li	2
Pitbull & Ne-Yo	2
Brad Paisley	2
Santo & Johnny	2
www.youtube.com	2
The Twilight Saga: Breaking Dawn, Pt. 1 (Original Motion Picture Soundtrack) [Deluxe Version]	2
No Doubt	2
Moosh & Twist	2
www.?udioCastle.net	2
Bad Meets Evil	2
Darlene Love	2
Papa Roach	2
New Kids On the Block	2
MSTRKRFT	2
Kehlani	2
Empire Of The Sun	2
Janoskians (The)	2
Before You Exit	2
Fleur East	2
Unknown Artist	2
Ashley Tisdale	2
He Is We	2
A Rush Of Blood To The Head	2
The Cinematic Orchestra	2
Bruce Springsteen	2
Crosby, Stills, Nash & Young	2
Siam Shade	2
Porta	2
Single	2
Los Villancicos Tradicionales, Vol. 1	2
Hello - Single	2
Michael Bubble	2
KIDZ BOP Kids	2
Tory Lanez	2
Missquerada	2
John Newman	2
Felix Jaehn feat. Jasmine Thompson	2
Passion	2
August Alsina	2
DJ Fresh & Jay Fay	2
DJ Snake &amp; AlunaGeorge	2
The Fratellis	2
Gwen Stefani	2
R City ft Adam Levine	2
Purity Ring	2
Skinny Puppy	2
Doo-Wops & Hooligans	2
블락비(Block B)	2
Sigma	2
Felix Jaehn Ft Jasmine Thompson	2
Leona Lewis	2
Blue October	2
Nightcore	2
My Everything	2
Weathered	2
Randy Newman	2
Robin Thicke	2
Kygo feat. Conrad	2
Lionel Richie	2
V (Deluxe Version)	2
Stars	2
Faul, Wad Ad & Pnau	2
Kevin Ross	1
Happy Christmas	1
Telepopmusik	1
Grum	1
Kevin Garrett	1
Syron	1
Robin Schulz (feat. Francesco Yates)	1
Chipmunk	1
Fat Joe	1
Grease	1
Declan McKenna	1
Babymetal	1
Facelift	1
Better Together (Ep)	1
Eagles	1
Ayer te vi Fue mas claro que la luna	1
Magic Wand	1
Sammy Wilk & Skate	1
Simon &amp; Garfunkel	1
TRASHMENAGERIE.com	1
Ha-Ash	1
Kings of Convenience	1
Scissor Sisters	1
Machine Gun Kelly	1
Feder	1
Album 2011	1
Motion	1
HalseyVEVO	1
Fever Blanket	1
Ibiza	1
Monkey Business	1
T.I. Feat. Rihanna	1
Eiza Ft Marconi	1
Drake 	1
Jesse James	1
Kacey Musgraves	1
Jack and Jack ft. Skate	1
ONE DANCE TURN ME ON Drake Mash-Up	1
Alex &amp; Sierra	1
Charles William	1
PRISM	1
youtube.com/watch?v=4I5qJ3H0Fak	1
Meg Myers	1
Nick Carter	1
Tyler Shaw	1
Moves Like Jagger	1
Crystal Waters	1
Lil Jon	1
Mind Vortex	1
Kanye West ft. Jay-Z, Rick Ross, Bon Iver, and Nicki Minaj	1
MacKenzie Bourg	1
We the Kings	1
Snap	1
Operation Ivy	1
maroon 5	1
Chairlift	1
JeanClaudeBMOC	1
Young Jeezy	1
The Citizens	1
Bia Mia	1
Thalía	1
Mahmut Orhan	1
Billboard Family Christmas Classics	1
PHASES	1
GD&TOP	1
A Year Without Rain	1
Vanessa da Mata	1
Www.FlowHoT.NeT - What Do You Mean	1
Porter Robinson	1
Travis Scott - Antidote Travis Scott - Antidote Travis Scott - Antidote	1
The Weeknd Feat Drake	1
Showtek	1
Alex and Sierra	1
Gym Class Heroes	1
New Americana - Halsey - New Americana - Halsey	1
Hey Everybody! - 5 Seconds of Summer - Hey Everybody! - 5 Seconds of Summer	1
Showtek feat. We Are Loud! & Sonny Wilson	1
Active Child	1
Earth, Wind & Fire	1
Aura Dione	1
Violent Femmes	1
Voxtrot	1
Tyler Carter	1
Frightened Rabbit	1
New Kids On The Block	1
Bob Marley & The Wailers	1
Red Velvet (레드벨벳)	1
Nicky Jam & Enrique Iglesias	1
Jaymes Young	1
Frances	1
Casper	1
Charlie Puth feat. Meghan Trainor	1
Selena Gomez & the Scene	1
Eminem feat. Sia (Best-Muzon.r	1
Lilly Wood	1
5 Seconds of Summer - RiskyJaTT.CoM	1
Kishi Bashi	1
Chris Janson	1
Black Coast feat. M. Maggie	1
 - adele	1
Didrick	1
Philipp Poisel	1
A Beautiful Lie [CD/DVD] Disc 1	1
Hellberg	1
Gummibär	1
Hiroyuki Sawano Feat Aimer	1
Three Dog Night	1
Yellow Claw	1
ed sheeran	1
Eric Prydz ft CHVRCHES 	1
Lilly Singh & Humble the Poet	1
York	1
Los De Atrás Vienen Conmigo	1
Kevjumba & Wong Fu	1
Grace Potter	1
Nicki Minaj ft. Lil Wayne	1
The Soul Shouters	1
Alice Deejay	1
Sade	1
Timeflies	1
Blur	1
Skylar Grey	1
Brandi Carlile	1
태양	1
Creeping Death	1
Christina Perri - AdyRoxX	1
Jarryd James	1
Never Say Never (The Remixes)	1
Justin Bieber & Raekwon	1
Hercules, Lillias White, Cheryl Freeman, LaChanze, Roz Ryan, Vaneese Thomas & Tawatha Agee	1
Justin Bieber Feat. Nicki Minaj	1
Confident	1
Esta.	1
DJ Snake;Bipolar Sunshine	1
Prism	1
Sean Paul Ft Sasha	1
Shawn Mendes Ft Astrid	1
St. Vincent	1
Simon & Garfunkel	1
Stateless	1
Kraak & Smaak	1
TINI	1
Ascencion	1
Take me Home	1
Caloncho	1
Motionless In White	1
The Workday Release	1
TR/ST	1
Chris Brown |	1
O Rappa	1
Neil Finn	1
Fidel Nadal	1
Gotye FT Kimbra	1
P!nk featuring Nate Ruess	1
Stevie Wonder	1
Title (Deluxe Edition)	1
Watch me	1
AVICII  Ft Audra Mae	1
The Avener Feat. Rogriguez	1
Slaves	1
Connie Francis	1
1967-1970 Disc 1	1
An Honest Year	1
Fat Boys	1
ValeOtro	1
Lunatic Wolf	1
Rihanna (featuring. Drake)	1
Paradise	1
Switch & Andrea Martin	1
Abraham Mateo	1
Matt Walden	1
Rick Wakeman	1
Aranda	1
David Guetta &amp; Showtek	1
Andrew Belle	1
New Boyz	1
宿主 电影原声带 The Host: Original Motion Picture Soundtrack	1
Dizzy Wright	1
Pitbull | www.soundfox.net	1
Www.AnivelMundial.NeT - Where Are U Now	1
Solander	1
Architects	1
Clinton Sparks	1
Alexander809	1
Lester Hechavarria	1
American Hi-Fi	1
Tame Impala	1
Oliver Koletzki And Fran	1
Bad Suns	1
Set Me Free	1
Problem (feat. Iggy Azalea) - Single	1
History 1	1
Julia Sheer & Tyler Ward	1
Avicii vs Nicky Romero	1
Ella Fitzgerald	1
Zedd & Foxes	1
4Him	1
Gyptian	1
Willamette Stone	1
Hillsong Christmas	1
Biffy Clyro	1
Keb Mo	1
Avicii ft Aloe Blacc	1
Jamie Grace	1
Do I Wanna Know? - Single	1
Eko Syahputra	1
Mean Girls	1
Charlie Puth Ft. Meghan Trai	1
Calvin Harris &amp; Disciples	1
Mayhem	1
Bumbury	1
Paris Music	1
Some Nights	1
Olly Murs feat. Flo Rida	1
Sam and the Womp	1
TOPIC	1
Avicii feat. Aloe Blacc	1
Kehlani x Mr. Carmack	1
Christmas Kisses	1
Now That's What I Call Christmas 4 (Cd 2)	1
Cheerleader	1
Odesza ft. Zyra	1
Delerium	1
Oktored	1
R.Kelly	1
System Of A Down	1
Bonnie Tyler	1
We'll Be the Stars - Single	1
The Broken West	1
PSY	1
James Vincent McMorrow	1
Believe	1
Citizen	1
Laura Welsh	1
Lady Antebellum	1
ADELE	1
Alex Metric	1
Lisa LaBarbera	1
Royal Blood	1
Howie Day	1
Carmen	1
OLD SKOOL HIP HOP	1
Big Head Todd & The Monsters	1
When The Sun Goes Down(Deluxe Edition)	1
Ace Of Base	1
FIFA 09 OST CD2	1
Fanny Bloom	1
Sam	1
Flausen ft. Ben Cocks	1
We&apos;ll Be The Stars	1
Sing	1
Tink	1
[Electronic] - Pegboard Nerds	1
Harvey	1
Tim McMorris	1
DMX	1
Young Thug & Jamie xx	1
Poker Face Lady GaGa(1	1
Mad Dog	1
Audien ft. Parson James	1
Benassi Bros. Feat. Sandy	1
ART-SCHOOL	1
Tough Love Best Of The Ballads	1
Boy In Static	1
Dethklok	1
Chris Tomlin	1
Big Sean & Jhene' Aiko	1
Blondie vs. Edison	1
Tiësto & KSHMR	1
Iron & Wine	1
Handwritten [Deluxe Edition]	1
Timbaland	1
Drip Drop	1
Neon Hitch	1
Seth Bishop	1
Boyfriend - single	1
Macklemore and Ryan Lewis	1
Megan & Liz	1
Isac Elliot	1
Five More Hours	1
Bethel Live	1
Arcade Fire	1
Andres Cepeda	1
Marco Barrientos	1
Haim	1
White Lion	1
Bobby "Boris" Pickett & The Crypt-Kickers	1
mirah carey 	1
Gentleman	1
Idina Menzel & Leo Norbert Butz	1
Kanye West Ft Big Sean, Pusha T, 2 Chainz	1
Ariana Grande&Meghan Trainor&Who Is Fancy	1
DYGL	1
zwoooooooooosh	1
Dr. Kucho! & Gregor Salto	1
D’Angelo and The Vanguard	1
Art Angels	1
SALTY DOG	1
.bigosmusicsource.com.	1
Road Between (Deluxe Edition)	1
Hot Chelle Rae [feat. New Boyz]	1
Macklemore &amp; Ryan Lewis	1
I Need Your Love - Calvin Harris	1
Benny Benassi, Chris Brown	1
Hardwell &amp; Jason Derulo	1
A Bird A Sparrow	1
@Xp_One	1
Baby Chain	1
Love More- Single	1
+	1
Donovan	1
artist	1
Joel Brandenstein	1
The Drums	1
SEREBRO	1
Desarmo	1
Alessia cara 	1
John Paesano	1
Wankelmut & Emma Louise	1
22 3	1
J Balvin Ft. Varios Artistas	1
Lana Del Rey & Cedric Gervais	1
For Today	1
Adriana Figueroa	1
Sonia Dada	1
R&B	1
EPIK HIGH	1
The Secret	1
The Lumineers 	1
The Cars	1
Sweeter	1
The Chemical Brothers	1
Casey Veggies	1
Blank Space	1
Shaggy ft. NeYo	1
Bean	1
SJ Apollo	1
Terry Devine-King/Gavin Harrison/Tom Peters	1
Snoop Dogg & Wiz Khalifa	1
The Pussycat Dolls Feat Timbaland	1
Neon Bunny & Spazzkid	1
Busted	1
Kristen Bell	1
Vallis Alps	1
Zeds Dead	1
MIKA & Ariana Grande	1
Jessie J Ft. Ariana Grande & Nicki Minaj	1
TroyBoi	1
Afrojack & Steve Aoki	1
From The ''Fifty Shades Of Grey'' Soundtrack	1
Magic	1
Vampire Weekend	1
Protoje	1
Karizma	1
Emarosa	1
Alexis Troy 	1
Sticks & Stones	1
Tracy Byrd	1
Veloses e Furiosos	1
Celine Dion	1
Twilight Soundtrack	1
Graham Hurman, Andrew Lloyd Webber & David Cullen	1
Kiah Spurle	1
Billie Eilish	1
Ariana Grande; Big Sean	1
Snakehips Feat. Tinashe & Chance The Rapper	1
Calibraska	1
SwagyTracks	1
Becky G 	1
Anxiety - Single	1
French Montana	1
BAD	1
Funkin Matt	1
Curtis Mayfield	1
Rilo Kiley	1
The Heart Wants What It Wants	1
Ron Pope &amp; The District	1
Jack U	1
Andrea Bocelli	1
Countdown Kids	1
Ying Yang Twins	1
Semisonic	1
Brittany Snow	1
Brett Dennen	1
ATB	1
One Direction 	1
Jerimiah	1
Raury	1
スヌープ・ドッグ & ウィズ・カリファ	1
Strange Attitude	1
Shane Dawson	1
Brittany Peterson	1
ELVIS PRESLEY	1
Sublime	1
Fat Joe & Remy Ma	1
Fanny Lu	1
Sing - Single	1
Lush & Simon	1
Abstract (ft. Ruth B) (Prod. Blulake)	1
Somebody to You	1
Oliver $ & Jimi Jules	1
Miia	1
Calle 13	1
Justin Bieber Feat. The Band Perry	1
Brooke Sorenson	1
Big Time Rush ft. Miranda Cosgrove	1
Cierra Ramirez	1
The Tide	1
홍대광	1
Greyson Chance	1
Daniel Kim	1
Mindy Gledhill	1
3 Doors Down	1
JAY Z &amp; Kanye West	1
Ghost Town	1
邻居大战 电影原声带	1
OST Mission Impossible 2	1
Sanctus Real	1
Taylor swift	1
Kansas	1
Hillsong United - Visite o sit	1
LanzamientosMp3 & Mixermusic	1
Perfect - EP	1
Rihanna and Kanye West and Paul McCartney	1
David Guetta ft. Sam Martin	1
João Ramos	1
Dan Black	1
Lasso	1
Justin Bieber Ft. Nas	1
Post Malone	1
Broken Social Scene	1
Dillon Francis & Kygo	1
P.O.S	1
Rise Against	1
Faith Hill	1
Shakey Graves	1
Jes Hudak & George Krikes	1
Kanye West, JAY Z & Big Sean	1
Isaac Hayes	1
Rihanna Ft. Drake	1
Ana Gabriel	1
Lonestar	1
Katy Perry Ft Juicy J	1
electro	1
FIDLAR	1
Florence The Machine	1
NeverShoutNever	1
Sam Feldt	1
Armin Van Buuren	1
18 Months	1
Austin Mahone & Pitbull	1
Tribes	1
A$AP Ferg, A$AP Rocky, French Montana, Trinidad Jame$, & Schoolboy Q	1
B.o.B - Both Of Us Ft. Taylor Swift	1
Caribou	1
One Last Time - Single	1
Duke Dumont feat. Jax Jones	1
Alexis Jordan	1
Pharrell Williams feat Miley Cyrus	1
INDIE ROCK 4	1
Mandy Moore &amp; Zachary Levi	1
The Best Damn Thing	1
Maxwell	1
The luminers	1
Black Coast ft. Lucian Remix	1
Afrojack & Shermanology	1
Waka Flocka Flame	1
Alan Walker, Amice	1
Jason Castro	1
Usher Feat. Lil' Jon and Ludac	1
ColdPlay	1
Dangerously In Love	1
The Lovin' Spoonful	1
Portishead	1
Miike Snow	1
wheatus	1
Prince Royce  ft. Jennifer Lopez, Pitbull	1
Trap Nation	1
Neil Diamond	1
Nicki Minaj Ft. Beyonce	1
Within Temptation	1
Visit [MP3K] For More New Hits	1
The Struts	1
Christmas Songs By Sinatra	1
Sheridan Archbold	1
Are You Ready	1
Gwen Stefani Feat. Johnny Vulture	1
Mas Que Un Anhelo	1
Small Town Heroes	1
The Living Tombstone	1
David Bisbal	1
Will Sparks	1
Now That's What I Call Music 50	1
Michael W. Smith	1
The Reason	1
A$AP Ferg ft. A$AP Rocky	1
Bill Conti	1
Ed Sheeran & Rudimental	1
Pitbull, Jennifer Lopez ft. Claudia Leitte	1
Rudimental & Ed Sheeran	1
Canserbero	1
Aurora	1
Have A Nice Day, Vol 1	1
Lindsey Stirling	1
Victorious Cast & Victoria Justice	1
Native 	1
In The Lonely Hour (Deluxe Edition)	1
Kalin And Myles	1
Dropkick Murphys	1
Joshua Radin	1
The Alan Parsons Project	1
Scott Bradlee's Postmodern Jukebox	1
Gary Clark Jr.	1
title	1
Soul Survivors_Short Cut clip	1
I Am...Sasha Fierce (Platinum Edition)	1
Phil Vassar	1
Carly Rae Jepsen - I Really Like You	1
David Guetta, Showtek	1
Mystic Braves	1
No Broken Hearts ft. Nicki Minaj	1
Martin Solveig	1
Demrick	1
Kelsea Ballerini	1
Rationale	1
Kevin Lyttle	1
for KING & COUNTRY	1
Rosie Hetherington	1
Macklemore X Ryan Lewis ft. Mary Lambert	1
Owl City and Carly Rae Jepsen	1
Jazmine Sullivan	1
The Temper Trap	1
Daniel Passino & Kristen Marie	1
SZA	1
Indie/Rock Playlist: January (2013)	1
SNSD	1
Travis Mills	1
Varios Interpretes	1
Plumb & Paul van Dyk	1
Alison Krauss & John Waite	1
Angus & Julia Stone	1
Old Dominion	1
Showtek & Justin Prime	1
Oscar And The Wolf	1
LOVE	1
Planet VI	1
Rihana	1
Dick Van Dyke, Julie Andrews, Karen Dotrice &amp; Matthew Garber	1
Granger Smith	1
Yoste	1
Megan Nicole	1
Dave Matthews Band	1
tajt.wordpress.com	1
ELLIE GOULDING	1
Mötley Crüe	1
Kimbra	1
Billy Crudup	1
Tobtok	1
Ariana Grande/Iggy Azalea	1
SIlento	1
The Rat Pack	1
Scars and Souvenirs	1
Dash	1
Geto Boys	1
Luke Christopher	1
Drake feat. Lil' Wayne	1
Lee Ann Womack	1
Daft Punk,Julian Casablancas	1
Yuna	1
Easton Corbin	1
Pusha T	1
MC Hammer	1
Caifanes	1
Glee Cast - 2ª Temp. 2010-2011	1
David Guetta &amp; Sia	1
Hippie Sabotage	1
Chaka Khan	1
DJ Snake & AlunaGeorge	1
In Stereo & James Yammouni	1
Yelawolf	1
Artie	1
Slayer	1
Promo from Interscope.Com	1
ZAYN ft Troye Sivan	1
AR|2 x Iamsu!	1
Angus	1
Bonnie McKee	1
Nine Days	1
Elias	1
Andy Black	1
Matt Fable	1
Fetty Wap  	1
Bryant Oden	1
Fetty Wap 	1
Top 52 2015 Dance	1
Wesley Stromberg	1
David Guetta feat. Skylar Grey 	1
Vampire Weekend 	1
Billy Idol	1
GRL	1
State Champs	1
High School Musical 3	1
ScHoolboy Q	1
Ja Rule	1
Darius	1
Ariana Grande Feat. Big Sean	1
Visionary	1
E-40	1
Diamond Eyes	1
DVBBS & Borgeous 	1
Juliet Simms	1
Jack White	1
Black Ice	1
Elliot Moss	1
Made In the A.M. (Deluxe Edition)	1
Peaches & Herb	1
Jazzbit	1
Walk the Moon	1
Problem	1
Avicii ft. Aloe Blacc	1
Flo Rida Ft. Robin Thicke & Verdine White	1
Mike Will Made-It	1
Joe Jonas & Demi Lovato	1
Oohyo	1
Matthew West	1
A Sky Full Of Stars (Avicii Edit)	1
Five Finger Death Punch	1
Mobb Deep	1
Songs About Jane (10th Anniversary Edition)	1
Amy Whinehouse	1
7 Years - Lukas Graham - 7 Years - Lukas Graham (mp3miner.com)	1
Missy Elliot 	1
Devo	1
Rykka	1
American Idiot	1
Reclassified	1
Watch Me (Whip / Nae Nae)	1
Lil' Jon x DJ Snake	1
Hunter Hunted	1
Trinix	1
Hendersin	1
India.Arie	1
TobyMac Feat. Jamie Grace	1
Scott Hoying	1
x (Deluxe Edition)	1
Hot Chelle Rae	1
Gorgon City feat. Romans	1
We Don't Whip (We Don't Nae Nae)	1
A DAY TO REMEMBER	1
99 Souls	1
REIK Y SIN BANDERA	1
Kanye West, Desiigner, Travis Scott, Big Sean, Gucci Mane, Yo Gotti, 2 Chainz, Quavo	1
Cyril Hahn	1
twenty one pilots Stressed Out OFFICIAL VIDEO	1
Travis Porter	1
Keri Hilson	1
Lauryn Hill	1
Smoke + Mirrors (Deluxe Edition)	1
Young Thug	1
Ra Ra Riot	1
Iori Nomizu	1
The Peanuts Movie (Original Motion Picture Soundtrack)	1
Kevin Rudolf f Birdman, Jay Sean Lil Wayne	1
Of Monsters and Men 	1
Pierce the Veil	1
Hayley Kiyoko	1
HIDEHO (Tropkillaz)	1
Dove Cameron, Sofia Carson, Cameron Boyce, Booboo Stewart, Mitchell Hope, Sarah Jeffrey & Jeff Lewis	1
Air Supply	1
Siempre Gaitas Vol.1	1
Cobra Starship	1
Love Angel Music Baby	1
Rihanna(www.djevolusom.org)	1
V. Rose Feat. Flame	1
Power Girl	1
Madonna, Nicki Minaj	1
Meteora	1
dumblonde	1
Pitbull Ft. Chris Brown	1
David Guetta Ft. Nicky Minaj & Afrojack	1
2Face Idibia	1
Nichole Nordeman	1
J Balvin Ft. Farruko	1
Halestorm	1
Cassie	1
Young The Giant	1
Marvin Gaye	1
Matty Mullins	1
By @FraganciaValdez	1
Young the Giant	1
John Travolta & Christopher Walken	1
Philip George	1
Bleachers	1
Little Mix/Little Mix	1
Yellowcard	1
M.I.A.	1
Cymbals Eat Guitars	1
Cashmere Cat ft. Ariana Grande	1
Nouvelle Vague	1
JanoskiansVEVO	1
Jack	1
Miley Cyrus vs. Cedric Gervais	1
Andreas Bourani	1
Glorillaz	1
Fifth Harmony 	1
Everything Everything	1
Idina Menzel (Frozen Soundtrack)	1
Kristen Bell & Santino Fontana	1
Glee - The Music (Volume 2)	1
Where Are Now With Justin Bieber - Where Are Now With Justin Bieber	1
The Chainsmokers ft. Daya	1
Payung Teduh	1
효린, 범키 & 주영	1
? Producciones Shark 2014 & HUGO "El Unico Distribuidor Autorizado"...Bienvenidos A La Nueva Era ?	1
Ásgeir	1
Justin Bieber/Others	1
Dillon Francis & Dj Snake	1
DJ Chuckie And Lmfao	1
Yellow Flicker Beat - Lorde	1
A Day to Remember	1
Doo - Wops & Hooligans	1
Michael Franti & Spearhead	1
Leon Bridges	1
The Warblers	1
goyte	1
vk.com/now_music	1
Nathalie Simard	1
DJ Rupp	1
Sheriff	1
Carlos Vives	1
Ear Candy	1
The Way	1
Knife Party 	1
Todrick Hall &amp; IM5	1
Oliver Heldens & Becky Hill	1
Jme	1
アリアナ・グランデ	1
Robert Miles	1
Youssou N'Dour &amp; Neneh Cherry	1
50 Shades Of Grey Trailer Song	1
Alison Wonderland	1
Parachute	1
3.93MB	1
Avicii Ft. Robbie Williams	1
I'll Be Fine	1
Chiddy Bang	1
Younha	1
Lower Than Atlantis	1
Zenith	1
Cat Stevens	1
Drake &amp; Future	1
Arash Feat. Helena	1
Chris Young	1
Jennifer Nettles	1
Ron Rope	1
Doo Wops And Hooligans	1
FKA twigs	1
Billie Holiday	1
Chocolate Puma	1
Hell And Silence EP	1
Justin Bieber & Ludacris	1
CNBLUE	1
Scar Tissue - Red Hot Chili Peppers	1
Wiz Khalifa & Snoop Dogg	1
Celeste Buckingham	1
Matt Avellino	1
Reyer	1
Here and Now	1
Audio Adrenaline	1
Bombay Bicycle Club	1
Wesley Stromberg x Jack & Jack	1
I'm an Albatraoz	1
Maroon 5 feat. Christina Aguilera	1
christina aguillera	1
R.E.M.	1
Wonder Wonder	1
Jesus Adrian Romero	1
Nicky Night Time	1
Louder Than Bombs	1
Little Comets	1
www.baixarsomusica.org	1
Amy Macdonald	1
Orkestrated & Fries & Shine	1
He is We feat. Owl City	1
I Need Your Love	1
ジャスティン・ビーバー	1
Cafe Tacuba	1
The Moldy Peaches	1
Cro	1
Ylvis	1
SBTRKT	1
Nico ft. Vinz	1
Emilia	1
A day to Remember	1
Bangerz [Deluxe Edition]	1
Lecrae	1
Alphabeat	1
John Paul Young	1
Live At The Royal Albert Hall	1
Eva Simons	1
Cris de Burgh	1
No Sound Without Silence	1
Ray LaMontagne	1
Armin Van Buuren & Mr. Probz	1
Jay-Z Ft. Chrisette Michele	1
Circa Waves	1
The Barden Bellas	1
Diddy - Dirty Money & Skylar Grey	1
Teqq	1
Lady Bee	1
Dej Loaf	1
P-LO	1
http://www.youtube.com/watch?v=gvW08ALArVI	1
Aquilo	1
RockstarMechanix	1
Eva Simons feat Konshens 	1
BLVC SVND X OSHI	1
Alborosie	1
Sting	1
Snoop Dogg &amp; Wiz Khalifa	1
Jesús Adrián Romero	1
Harry Styles & Selena Gomez	1
Left Boy	1
Ricki Lake, Marissa Jaret Winokur &amp; Nikki Blonsky	1
Born to Die	1
Cliff Edwards & Disney Studio Chorus	1
The Heirs	1
Soundmachine	1
Elvis Presley & The Jordanaires	1
Aloe Blacc	1
Songs About Jane	1
Anna Graceman	1
Julio Gotti	1
Vazquez Sounds	1
Travi$ Scott	1
Elijah Kelley	1
Victorious	1
Caroline Pennell	1
秘社第1季 电视原声带 The Secret Circle Season 1(Original Soundtrack)	1
Florence + the Machine	1
One Direction - Little Things	1
Clockwork & Taylr Renee	1
Grace feat. G-Eazy	1
Harry Styles	1
Romeo Santos	1
Stay With Me - Sam Smith - Sam Smith	1
Nick Bean	1
Nine Lashes	1
Awolnation	1
Listen	1
Tinashe Ft. ASAP Rocky	1
Trapstep	1
Sia, Sean Paul	1
Helena Bonham Carter	1
The Opne Door	1
Maroon 5(Maroon 5;Wiz Khalifa)	1
Needed Me - Rihanna - Needed Me - Rihanna	1
Marie & the redCat	1
#1 Disco Dance Hits	1
T. Mills	1
Letters to Cleo	1
U2 & Green Day	1
George Benson	1
Michael Bolton	1
Orla Gartland	1
Elie Goulding	1
Travis Scott	1
Billboard 30th August 2014 Top40 [Bubanee]	1
Jack & Jack ft. Skate	1
Sterling Knight	1
Audien	1
Lali	1
The Internet	1
Man On The Moon: The End Of Day	1
Rancid	1
Ida Maria	1
Pitbull &amp; Ne-Yo	1
Katrina & The Waves	1
The Academic	1
How Deep Is Your Love - Calvin Harris Disciples	1
Six60	1
You Love It - Single	1
Courteeners	1
Florida Feat. Robin Thicke And Verdine White	1
David Choi	1
Free Energy Mixtape	1
Trans X	1
Tiësto	1
alt-J (∆)	1
Locked Away	1
Emmelie de Forest	1
Simian Ghost	1
Gene Autry	1
Mike Posner & Seeb	1
Can't feel my face	1
Daddy's Groove	1
Sarah Fisher, Chris Stylez &amp; Dan Smith	1
Beau Brooks	1
Matt & Kim	1
Dubstep Masters	1
2AM Club	1
5Quad	1
Gym Class Heroes Ft. Neon Hitch	1
Damien Jurado & Moby	1
Watch Out CDM	1
Pink Friday	1
Trey Songz ft. Justin Bieber	1
Montgomery Gentry	1
Bangerz (Deluxe Version)	1
Jethro Tull	1
calvin harris	1
ACDC/ACDC	1
Yuridia	1
Diamonds (Remixes)	1
Kids United	1
Carla Morrison	1
We Are Family	1
The SOS Band	1
Mariangeli HitStreak	1
The Story So Far	1
Justin Bieber feat. Skrillex,Diplo	1
Manu Rios	1
Radio Record	1
One-X	1
Patriotic America	1
Will.i.am ft justin bieber	1
Kiana Brown	1
The Mamas & The Papas	1
Alyssa Reid	1
Vanessa Hudgens	1
Kyle McHargue	1
Prod. By Predikador AK47	1
Foster the people	1
twenty | one | pilots	1
Israel & New Breed	1
Møme	1
Ulf Nilsson	1
Ariana Grande Feat. Zedd	1
Plastik Funk	1
Silent Planet	1
Meg Mac	1
the script	1
Nat King Cole	1
Salt 'n Peppa	1
Elissa Franceschi	1
Justin Tinberlake	1
Nicki Minaj Ft. Chris Brown	1
Allman Brown Liz Lawrence	1
Paulina Rubio	1
Hanowritten	1
D.R.A.M.	1
Ben Rector	1
Selena Gomez ft The Scene	1
Hailee Steinfeld 	1
Joe	1
Britt Nicole	1
Fugees,The	1
Michael Jackson & Akon	1
Zac Efron, Nikki Blonsky, Elijah Kelley &amp; Amanda Bynes	1
Unorthodox Jukebox (Deluxe Edition)	1
Mattafix	1
Mana	1
DVSN	1
florence and the machine	1
Tears for Fears	1
Joey Montana	1
David Guetta & Showtek	1
Daniel Skye Ft. Cameron Dallas	1
The 20 Greatest Christmas Songs	1
Lana Del Rey Vs Cedric Gervais	1
T.I. Ft. Keri Hilson	1
TheWeekndVEVO	1
Bobby Darin	1
Rend Collective Experiment	1
Lil Mama	1
Bebe	1
Illijah	1
All time low	1
Connie Talbot、Yugo Kanno	1
Dirty Heads	1
Dollhouse	1
Dsmith & Tryle	1
Dylan Dauzat	1
Uptown Funk	1
Enrique Iglesias, Wisin & Yandel	1
Be Not Nobody	1
Matt Redman	1
Ms. Dynamite	1
Next	1
La Oreja de Van Gogh	1
Kraak &amp; Smaak	1
Aron Chupa	1
#Marvins Fame	1
Ariana Grande Ft Zedd 	1
Alumo	1
Justin Bieber, Diplo ft. Skrillex	1
Speak Now	1
MK	1
Vybz Kartel	1
Alex Aiono	1
빅뱅(Bigbang)	1
MyWildestMusic	1
Sage the Gemini	1
Art Vs. Science	1
Robin Schulz & LILLYWOOD	1
Believe (Deluxe Edition)	1
Seal	1
shawn mendez	1
후아유-학교 2015 (KBS2 월화드라마) OST	1
Faul & Wad Ad vs Pnau	1
Wisin & Carlos Vives	1
Stitches	1
やまだ豊	1
Josh Gad	1
Jack U (Skrillex & Diplo) Feat. Justin Bieber	1
Lilly Wood and The Prick ft Robin Schulz	1
Rated R	1
youtube.com/watch?v=zjeUvXz32XE	1
Seers ft. J.K. The Reaper	1
Robin Schulz feat. Akon	1
JL practice	1
Josh Turner	1
America	1
Mr. Belt & Wezol	1
Rihana [www.behmusic.com]	1
Carly Rae Jepsen/Justin Bieber	1
MICHAEL PRADO	1
Mel Brooks, Original Motion Picture Soundtrack, John Barrowman, Uma Thurman, Ensemble & Orchestra	1
@jonathanmoly	1
Alexandra Stan	1
100 Rock & Roll Classics	1
Wes Walker &amp; Dyl	1
Big Sean Ft. Drake	1
Big Sean, Deserve It	1
Matchbox Twenty	1
Lucy Hale	1
Run The Jewels	1
All I Want for Christmas is You	1
Jamie Lawson	1
Maggie Lindemann	1
Akira the Don	1
The Go-Go's	1
Altima	1
Jackie Evancho	1
Chase & Status & Liam Bailey	1
The Pink Mountaintops	1
System of a Down	1
This Is Music: The Singles 92-98	1
Something Big - Single	1
CRUISR	1
The Love Me Do's	1
High School Musical	1
Mocki	1
Adam Levine - Lost Stars	1
will.i.am Featuring Justin Bieber	1
Chillverse	1
30 Seconds to Mars	1
Twin Atlantic	1
Dani and Lizzy	1
Julieta Venegas	1
Topic	1
Tristam & Braken	1
CD9	1
Crank Dat Soulja Boy (Supaman	1
Justin Bieber [BI-Music.Com]	1
Jess Penner	1
Nurko	1
By GabyMus1c	1
Dillon Francis;Kygo;James Hersey	1
MACKLEMORE & RYAN LEWIS	1
leon laguerri	1
Buckcherry	1
Steven Universe OST	1
96onedream	1
One Love, One Rhythm - The 2014 FIFA World Cup™ Official Album	1
BIRDY + RHODES	1
Neck Deep	1
Shakira ft Wyclef Jean	1
What Do You Mean - Justin Bieber	1
Mazzy Star	1
Can't Feel My Face	1
Marianne Faithfull	1
Strawberry Alarm Clock	1
Santa Baby (feat. Liz Gillies) - Single	1
Jessie J Ft. B.o.B	1
J Alvarez	1
John Legend   	1
Amos Lee	1
Unplugged In Sweden	1
Demon Hunter	1
Lil Durk feat Dej Loaf - 'My Beyonce'	1
Gregory Porter	1
Diana Krall	1
The Buttress	1
Austin Mahone Ft. Flo Rida	1
How Deep Is Your Love - Single	1
Deorro x Chris Brown	1
Seeed	1
A Great Big World Ft. Christina Aguilera	1
Www-AnivelMundial.NeT - Purpose	1
Zella Day	1
Flobots	1
T.O.P	1
The Fault In Our Stars: Music From The Motion Picture	1
Wonder Broz	1
Vadrum	1
The Who	1
After Romeo	1
Billy & The Kids	1
(By @Wisinluis_Ak47)	1
Cayetana	1
Far * East Movement	1
Nsync	1
Jessie J 	1
Swedish House Mafia	1
Golden	1
DJ Zinc	1
Black Album	1
Major Lazer feat. MØ & DJ Snake	1
The Brosis	1
Farruko Ft. Nicky Jam Y Shaggy	1
Lelissa Lyrics	1
Terry Jacks	1
Danity Kane	1
The Best Of	1
Off With Their Heads	1
G.R.L.	1
G. Love & Special Sauce	1
Summer Dance '98 Disc 1	1
FTISLAND	1
Timmy Connors & Hunter Roberson	1
Fifth Harmony ft. Kid Ink	1
RaeLynn	1
Snoop Dogg   	1
2 Faced Funks	1
Slow Club	1
Courtney Jaye	1
Daddy Mack	1
Navidades	1
Party Blast	1
omar-scary@hotmail.com	1
Miley Cyrus vs Cedric Gervais	1
Laura Fygi	1
Russian Red	1
Black veil brides	1
Not On Drugs - Tove Lo	1
1000 Forms of Fear	1
Fyri_uri	1
Adriana Caselotti	1
Alejandro Filio	1
Aaron Carpenter	1
Ta-ku	1
Big Sean; Fall Out Boy	1
José González	1
Hakim Aidarhanov-PRO	1
Mandisa	1
Sugarland	1
Nelly Furtado	1
Fabolous	1
Steve Martin &amp; The Steep Canyon Rangers	1
The Cardigans	1
Zac Efron, Nikki Blonsky, Elijah Kelley & Amanda Bynes	1
Video Games - EP	1
Bob Acri	1
Alli Simpson & Jack and Jack	1
Far East Movement	1
Walk The Moon - Shut Up And Dance - Walk The Moon - Shut Up And Dance	1
Songs I Wrote With Amy CDEP	1
Trapt	1
Katty Perry	1
Knocking On Your Heart	1
Not Sokute	1
The Romantics	1
Bryan Lanning	1
Damon Albarn	1
Carla Mauri	1
Ituana	1
Iggy Azalea feat. Rita Ora	1
Massad	1
TRU	1
Kevin Drew	1
The Samples	1
Ricky Martin &amp; Joss Stone	1
Zak Waters	1
Random Access Memories	1
Westlife	1
Alejandro Sanz	1
25	1
Arcangel	1
Salute (The Deluxe Edition)	1
Naked Music	1
Priscilla Ahn	1
Santa Tell Me	1
www.fm-tv.com.ua	1
DJ KAORI’S PARTY MIX3	1
Billboard Hot 100 (07 JUNE 2014)	1
Krystal Harris	1
Bobby Bazini	1
Bachata by vk.com/club_sdm	1
Anna Kendrick	1
Rihanna ft. Drake	1
Teenage Dream	1
Mr. Scruff	1
We Came As Romans	1
Phora	1
Jidenna	1
Mike Mago & Dragonette	1
Bebe Rexha	1
The Collective	1
Drake feat. PARTYNEXTDOOR	1
36 Crazyfists	1
I Am Armando (Armando Reloaded)	1
Luis Miguel	1
The Pussycat Dolls & A. R. Rahman	1
Kicker	1
Studio Rio & Aretha Franklin	1
Shalamar	1
What So Not	1
Alli Simpson (Ft. Jack and Jack)	1
Teen Power 2	1
Black Rebel Motorcycle Club	1
The Notorious B.I.G.	1
taylor swif	1
Sing2Guitar	1
Unknown Album	1
Shwayze &amp; Cisco	1
Ben Folds	1
Ello	1
Jack Ü	1
I LOVE MAKONNEN	1
Kove	1
Omi feat. Nicky Jam 	1
Pussy Cat Dolls	1
Format:B	1
The Fault In Our Stars [Music From The Motion Picture]	1
Favourite Worst Nightmare	1
Finatticz	1
Soundgarden	1
The Brian Setzer Orchestra	1
Blee	1
Bastille & Rudimental	1
H2O	1
One Love	1
Troye Sivan ft. Tkay Maidza	1
Eric Bellinger	1
Blue Öyster Cult	1
Kim Wilde	1
ケイティ・ペリー	1
EDEN	1
Chris Stapleton	1
Far East Movement &amp; Keri Hilson	1
Katy Perry   	1
Delirium (Deluxe)	1
Enya	1
Shawn Hook	1
Hillsong Worship	1
Lunchmoney Lewis	1
She &amp; Him	1
Chris Brown &amp; Tyga	1
Tarrus Riley	1
S-8ighty	1
Katy Perry Ft. Snoop Dog	1
Céline Dion	1
Matrix & Futurebound	1
VipMusic.In	1
Canciones De Navidad	1
2x19	1
Tiesto	1
Ariana Grande &amp; The Weeknd	1
Nathaniel	1
DJ HAL	1
D-BLOCK	1
Jo_Kah	1
Gemeliers	1
Bethany Mota	1
Hugh Jackman	1
Totally Enormous Extinct Dinosaurs	1
Kanye West Feat. Rihanna	1
Good For You (feat. A$ASP Rocky) - Single	1
Pentakill	1
Disturbed	1
Drake feat. Rihanna	1
Jessica Simpson	1
Diplo &amp; Sleepy Tom	1
Busta Rhymes Feat. Nicky Minaj	1
Sorry - Justin Bieber	1
Cults	1
Follow The Leader	1
Perfect Two	1
Major Lazer & DJ Snake Ft. MØ, J Balvin & Farruko	1
Radio 538 Hitzone 71	1
Whitechapel	1
Glee: The Music, Vol. 6	1
video 	1
The Troggs	1
Koby Gibson	1
Fitz and The Tantrums	1
Cobra Starship ft. Sabi	1
Agatha Lee Monn, Katie Lopez & Kristen Bell	1
PETER, Brian, Stewie, Chris &amp; Jason Alexander	1
Raheem DeVaughn	1
Illenium	1
Be'Lakor	1
HQ INSTRUMENTALS	1
Big Time Rush ft. Snoop Dogg	1
PVRIS	1
Flor	1
coldplay	1
INXS	1
Cage The Elephant	1
Bring Me The Horizon	1
Hannah Clark	1
Double Vision (Deluxe Edition)	1
San Holo	1
Mac Demarco	1
Tori Kellly	1
B.O.B.	1
Lil Bow Wow	1
Romeo Santos ft.Lil Wayne	1
7 Years - Lukas Graham - 7 Years - Lukas Graham	1
Music For Sale	1
Santa Clause Lane	1
Billboard 13th August 2014 Top40 [Bubanee]	1
Peanut	1
Barry Manilow	1
Amanda Cook	1
September	1
Coast Modern	1
Our Version of Events	1
Wayne Wonder	1
The Maccabees	1
OCAD	1
A$AP Rocky 	1
Antonio Orozco	1
Do Ya Feat. Ty Dolla $ign, Adrian Marcel & Eric Bellinger	1
Kat DeLuna	1
Mylo Vs. Miami Sound Machine feat. Gloria Estefan	1
SNOH AALEGRA	1
Danna Richards	1
Former Vandal	1
Aston Merrygold	1
Vaccines	1
Reflection Eternal	1
Major Lazer &amp; DJ Snake	1
Tim McGraw	1
Redimi2	1
Matt McAndrew	1
AS1AN AM3R1CAN	1
Edwin McCain	1
Iggy Azaela	1
James Arthur	1
Oliver Koletzki &amp; Fran	1
Bryan Adams	1
Lupe Fiasco	1
Jerry Williams	1
Jay-Z &amp; Kanye West	1
Hoobastank	1
A Night at the Opera	1
The Cast of Frozen	1
Anthony Lewis	1
Otra Vida - Edicion Especial	1
BEYONCÉ	1
Frank Ricotti, Gary Kettel, Lesley Garrett, London Voices, Miles Bould, Philip Ellis & Tiffin Boys' School Choir	1
Drake Feat. Wizkid & Kyla	1
Ed Sheeran/Musicfire.in	1
youtube.com/watch?v=Ho32Oh6b4jc	1
Vengaboys	1
Rich Homie Quan	1
Phoebe Ryan	1
Cheerleader (Remixes)	1
Dilemma	1
Semi Precious Weapons	1
Ahzee & Faydee	1
Firework	1
The Byrds	1
Supremo	1
Alexandra Stan & Inna	1
Alex Adair	1
LunchMoney Lewis	1
Izzy Bizu	1
Savage Garden	1
Akon featuring Snoop Dogg	1
CFO$	1
Thompson Square	1
Jack & Jack feat. Skate (Best-Muzon.ru)	1
Los Aguas Aguas	1
Sarah Jaffe	1
Hannah Montana: The Movie	1
Joe Weller	1
Fadel-Shaker	1
RyanDan	1
Hilltop Hoods	1
ONE OK ROCK	1
Purpose | vk.com/rnbspot	1
MGMT 	1
Elan, Jean feat. Cosmo Klein	1
Bob Marley &amp; The Wailers	1
Stereophonics	1
Nicholis Louw	1
Martin Garrix Ft. Usher	1
ブルーノ・マーズ	1
SAPPHIRE	1
Purpose 	1
J. Cole ft. TLC	1
Little May	1
MGK	1
David Guetta & Sia	1
True	1
Beyoncé & André 3000	1
David Guetta & Nicki Minaj	1
Outside	1
The Janoskians/Musicfire.in	1
Metronomy	1
EXO	1
Lil Wayne, Wiz Khalifa & Imagine Dragons	1
Ivonne Acero	1
Greatest Children's Christmas Hits	1
Promo Only Modern Rock Novembe	1
Acoustic - Jack & Jack 	1
Bright Eyes	1
Haley Reinhart	1
Robert Shaw Chorale & Clyde Holloway	1
Kisschasy	1
Usher Ft. Alicia Keys	1
Pewdiepie	1
Kiiara	1
Queen Latifah, Nikki Blonsky, Zac Efron & Elijah Kelley	1
Shawn Mendes - Astrid	1
Back To Bedlam	1
Carla BRUNI	1
Alyson Stoner	1
Kygo (Remix)	1
Jensen Ackles/Jared Padalecki	1
Skrillex Feat. Sirah	1
James Arthur (Deluxe)	1
Cheat Codes	1
Yann Tiersen	1
Beyoncé/Chimamanda Ngozi Adicihe/Musicfire.in	1
Darkbloom	1
Mallow Beats	1
Katy Perry Feat. Juicy J	1
Калвин Харрис & Disciples	1
Kelly Clarkson, Chloe & Halle, Missy Elliott, Jadagrace, Lea Michele, Janelle Monáe, Kelly Rowland & Zendaya	1
The Disco Biscuits	1
Merry Christmas 2003	1
Nathan Hawes	1
Calvin Harris & Alesso	1
The Animals	1
Big Scary	1
The Fast And The Furious	1
Snakehips ft Tinashe & Chance The Rapper	1
Andy Gibb	1
Dr. Dre F. Snoop Dogg And Nate	1
Lemonade Mouth	1
Sapphire and Skye	1
Twenty one pilots	1
KARA	1
Superhumanoids	1
All About That Bass	1
Hunter Parrish	1
Patoranking ft. Wande Coal	1
Deorro & Adrian Delgado	1
Bowling for Soup	1
Len	1
J Balvin	1
Celebration	1
Jamiroquai	1
B  Y  : FaLaH & Mr.RaMeE	1
Drones	1
Joe Cocker	1
Massive Attack	1
sam tsui	1
Shower	1
Sia  feat. Shia LaBeouf & Maddie Ziegler	1
Act	1
Bri (Briana Babineaux)	1
Kaleo	1
Berlin	1
All About That Bass-Single	1
Lilly Singh	1
Lily James	1
Jack & Jackie	1
The Barden Bellas, The Treblemakers &amp; The Bu Harmonics	1
Skunk Anansie	1
Betty Who	1
Wilough	1
NOROOMFORUS FT. KIDD DRYDEN	1
ED SHEERAN & RUDIMENTAL	1
Helly Luv	1
Underdogs	1
Imogen Heap	1
Lenka	1
FLIPSYDE	1
Only By The Night	1
Warren Haynes	1
JAZZ ON X'MAS	1
Le Youth	1
Megan Nicole &amp; Jason Chen	1
SWMRS	1
THE BEATLES	1
Escape the Fate	1
Jeremiah	1
Upchurch	1
Post War Years	1
Bel Heir	1
Maher Zain	1
Luke Christopher - Lot To Learn	1
Just A Gent	1
Trey Songz ft.Nicki Minaj	1
Toby Keith	1
Taio Cruz and Tujamo	1
D J  JAMES	1
Ashanti	1
Schoolboy Q	1
Halfaxa	1
Is This Love - Bob Marley & The Wailers	1
Sunset Sons	1
Jonathan Clay	1
Ariana Grande - My Everything	1
Volcano Choir	1
Sevenlogics, Inc.	1
Sweeney Todd: The Demon Barber of Fleet Street Ensemble	1
Tyler Ward	1
Call Me Irresponsible	1
Dulce Amor	1
Rihanna And Kanye West And Paul McCartney	1
Red Hot Chili Peppers Scar Tissue	1
Jon Bon Jovi	1
Shura	1
Reba McEntire & Ronnie Dunn	1
Www.AnivelMundial.Ne - Purpose	1
Fina Estampa Internacional	1
Jana Kramer	1
Wake Me Up	1
Ray Charles	1
Anton Ishutin ft. Irina Makosh	1
Chris Brown feat. Benny Benassi	1
Dan Mangan	1
Trifo & Simon Milan	1
Mario	1
Havana Brown	1
WSTRN	1
Aer	1
jack and Jack	1
괜찮아 사랑이야 Part.5	1
Platinum Christmas	1
AFI	1
Yeah Yeah Yeahs	1
Tony Tonite feat. Тати	1
Alexi Blue	1
Gnarls Barkley	1
Bang Bang - Jessie J feat. Ariana Grande & Nicki Minaj - Jessie J feat. Ariana Grande & Nicki Minaj	1
LMFAO - ( Ft. Natalia Kills )	1
The Trammps	1
United We Are	1
Loggins &amp; Messina	1
JustinBieberVEVO	1
Mark Forster	1
Fifty Shades of Grey (Original Motion Picture Soundtrack)	1
Seeb	1
Vince Kidd	1
The Calling	1
I Am Oak	1
Kat McSnatch	1
Beach Boys	1
Diddy-Dirty Money	1
Maracaibo 15	1
X Ambassadors 	1
Jim Croce	1
Alice In Chains	1
The Pierces	1
Karen Harding	1
Kungs & Cookin' On 3 Burners	1
Cry Baby	1
Tony Bennett	1
DJ Quicksilver	1
Feliz Navidad	1
brand new eyes	1
(Feat. AlunaGeorge) Skrillex And Diplo	1
Onerepublic	1
2 Chainz	1
Union of Sound	1
Sugar Hill Gang	1
Little Big Town	1
Billy Ocean	1
Gotye	1
Jess Glynne & Clean Bandit	1
|INDIGONIGHT|	1
Carrie Underwood	1
Made in Britain	1
Jauz	1
Jamie xx	1
Kellie Pickler	1
Fire Within	1
Love The Way You Lie	1
Andy Kong	1
Waylon Jennings	1
Ages and Ages	1
Sheppard	1
ケリー・クラークソン	1
chara	1
Felix Jaehn Ft. Jasmine Thompson	1
Doo-Wops &amp; Hooligans	1
Thirty Seconds To Mars/30 Seconds To Mars	1
Yellow Mellow	1
538 Hitzone: Best of 2014	1
Paty Cantú	1
Ryan Beatty	1
Nina Simone	1
Zedd Ft. Jon Bellion	1
Bone Thugs-n-Harmony	1
Hindi Zahra	1
RAC	1
Bear's Den	1
Hollywood Ending	1
The Dirty Heads	1
Craig David x Big Narstie	1
Red (Deluxe Version)	1
Urban Strangers	1
The Neighborhood	1
Anja Nissen	1
Pillow Talk	1
Jessica Mauboy	1
Arena Rock All-Stars	1
Stephen Jerzak	1
John Legend [ Follow @Ebeh_Tweet ]	1
Reload	1
Beach House	1
Rachel-Platten	1
Camila 	1
Wynter Gordon	1
Default	1
DR KUCHO & GREGOR SALTO	1
[ AlegeMuzica.Info ]	1
XYLØ	1
Son Lux	1
Timber timbre 	1
Drake ft Lil Wayne &amp; Tyga	1
I Can Hear Angels: Lives & Acoustics	1
Kenny Chesney	1
Smokey Robinson	1
Roberta Kelly	1
jessie J, Ariana Grande, Nicki Minaj	1
Ed Sheeran &amp; Rudimental	1
Bipolar Sunshine	1
Max Graef & Muff Deep	1
Meg &amp; Dia	1
Kate Nash	1
The Saw Doctors	1
justin bieber	1
Lil Jon Ft Sean Paul And E 40	1
Charli xcx	1
The Very Best And Beyond	1
Clean Bandit feat Jess Glynne Lyrics	1
Deerhunter	1
Sankey Arr. J. Tams & H. Brough	1
La Quinta Estacion	1
Waze & Odyssey & R. Kelly	1
Marina And The Diamonds	1
kayla shannell	1
Crown the Empire	1
Chelsea Ward	1
Andy Williams	1
Kaskade ft Andy Caldwell	1
Twayne	1
Avicci	1
Dizzee Rascal	1
Cathedrals	1
Chedda Da Connect Ft. Trill Sammy & Dice Soho	1
Nicki Minaj ft Meek Mill	1
New Scottish Youth Choir	1
Claris	1
Rev Theory	1
Jetta	1
Lucia	1
The Second Your Sleep	1
Blood Red Shoes	1
Brent Rivera	1
Music	1
Hillsong Young & Free	1
Ray Parker, Jr.	1
Inna Feat. Flo Rida	1
Chester See, Kevjumba & Ryan Higa	1
Bone Thugs-N-Harmony	1
The Pussycat Dolls Feat. Busta Rhymes	1
Iggy Azalea Feat Charli XCX	1
긱스 (Geeks)	1
Beneath Your Beautiful - Labrinth Feat Emeli Sande	1
Mrs Downey	1
Burn - Ellie Goulding	1
The Chiffons	1
30 Seconds To Mars	1
Cigarettes	1
Benjamin Francis Leftwich	1
Under The Mistletoe (Deluxe Version)	1
G-Eazy & Bebe Rexha	1
Afrojack & Spree Wilson	1
Ramones	1
Remix	1
The Kirks	1
Grouplove	1
Reflection	1
Chester See	1
Who Is Fancy	1
Robin Schulz & J.U.D.G.E.	1
youtube.com/watch?v=fRh_vgS2dFE	1
Nino Blaq	1
The Vaccines	1
Songs I Wrote With Amy	1
Billiy Joel	1
-CD	1
Room On Fire	1
The The	1
Steve Aoki	1
London Grammar	1
Christmas In The Sand - Deluxe Edition	1
CARLY RAE JEPSEN	1
Funktown America	1
The Stranglers	1
Cyrus	1
Blondie	1
Power Music Workout	1
Olly Murs feat Flo Rida	1
High Frequency Karaoke	1
Blastema	1
Keira Knightley	1
Jennifer Hudson	1
Galimatias	1
That's Christmas to Me	1
Born To Die	1
Me and My Broken Heart	1
Best Song Ever	1
Dean Martin	1
                              	1
Rihanna 	1
The Pro Letarians	1
Alanis Morissette	1
Lin-Manuel Miranda	1
Disclosure & Lorde	1
Heroes	1
Billboard Hot 100 Singles Chart	1
YG	1
The Fooo Conspiracy	1
Adrian Lux	1
Matt Webb	1
Sia cheap Thrills original	1
Los Temerarios	1
The Beatles 1	1
Handmade Songs	1
Sara Pi	1
Post Malone 	1
Breathe Owl Breathe	1
Skrillex , Diplo ft Justin Bieber	1
Ulrik Munther	1
Jules Juda	1
Stole The Show (ft. Parson James) - Kygo - Stole The Show (ft. Parson James) - Kygo	1
Kidz Bop Christmas	1
Caracal	1
Us The Duo	1
FM Static	1
ZAYN FT. ONE DIRECTION	1
Dustin Lynch	1
Skid Row	1
Miranda Lambert	1
KDrew	1
Coolio	1
Selena Gomez &amp; The Scene	1
James Blake	1
Newcleus	1
Love Me Like You -Single	1
Hardwell	1
Krept & Konan	1
Noah and the Whale	1
Good Girl Gone Bad	1
AC DC	1
The Official Uk Top 40 Singles Chart 02-02-2014	1
A.K.A.	1
Avery Wilson	1
Alle Farben	1
Mary J. Blige	1
Rolling Stones	1
Adele Taylor	1
Dead or Alive	1
ZaynVEVO	1
Lorrie Morgan	1
Suzanne Vega	1
Bastille &amp; Rudimental	1
JIN AKANISHI	1
The Official Uk Top 40 Singles Chart 15-12-2013	1
Feed Me & Crystal Fighters	1
DJ Cassidy	1
Victoria Justice & Hunter Hayes	1
Styx	1
Cash Cash	1
Eiffel 65	1
Mohombi	1
Alesana	1
JMSN	1
Klangkarussell	1
Joss Stone	1
Zac Mann	1
Ariana Grande 	1
Post To Be (feat. Chris Brown & Jhene Aiko)	1
Bitch Better Have My Money Rihanna - Rihanna Bitch Better Have My Money	1
The Bamboos	1
Handsome Ghost	1
In Stereo	1
Big Grams	1
Running Beauty	1
Lions Head	1
JoJo	1
Dixie Chicks	1
Eros Ramazzotti	1
A Great Big World &amp; Christina Aguilera	1
Lilly Wood & The Prick & Robin Schulz	1
2 Chainz & Wiz Khalifa	1
Josh Taerk	1
BiaMia	1
Wale feat Big Sean	1
Monty Python	1
Best Friends	1
Felix Jaehn ft. Jasmine Thompson	1
Years & Years 	1
Justin Bieber/Justin Bieber	1
Aka Aka and Thalstroem	1
Chanel West Coast	1
Nine Black Alps	1
Various	1
Cole Swindell	1
Daredevil OST	1
The Ultimate MP3 Zone	1
Robin Schulz & disciples 	1
Emerson, Lake & Palmer	1
Twenty | One | Pilots	1
A Fine Frenzy	1
MKTO 	1
High Highs	1
Chris Brown Ft. Tyga & Ty Dolla Sign	1
Dexy's Midnight Runners	1
Maps	1
Portugal. The Man	1
Aoi Teshima	1
The Sounds	1
The Five Blind Boys of Alabama	1
Baby Bash	1
Panama Wedding	1
12. Marvin Gaye & Tammi Terrell	1
Christmas Classics	1
Gareth Emery & Krewella	1
DukeDumontVEVO	1
Let It Go	1
Macklemore	1
Empire Cast	1
Frozen (Deluxe Edition)	1
Oscar Isaac	1
Made In The A.M. (Deluxe Edition) [HQ]	1
The Daughters of Mary	1
Panic! At the disco	1
Dove Cameron, Cameron Boyce, Booboo Stewart & Sofia Carson	1
We The Generation (Deluxe Edition)	1
Midlake	1
Jay Sean Ft. Sean Paul &amp; Lil Jon	1
Four Tops	1
Travie McCoy feat. Sia	1
Back in black	1
SafeScape	1
The Cactus Cuties	1
Bon Garçon	1
DragonForce	1
Brett5000	1
Louis The Child	1
ZZ Ward	1
TWRK	1
Rock Kid	1
DEEPCENTRAL	1
Jack&Jack	1
The Truth About Love	1
Sunlounger & Zara	1
Äº¹âÖ®³Ç4£ºÆÆÏþ£¨ÉÏ£©	1
Ryn Weaver	1
Akcent feat. Sandra N	1
Incubus	1
Hotline Bling	1
Ben Khan	1
Aaliyah	1
MAX (feat. Hoodie Allen)	1
Travie McCoy	1
Adele | www.musicvalley.net	1
D	1
RENT - Original Broadway Cast	1
Seafret	1
NICK JONAS	1
Akcent feat. Tamy & Reea	1
Behemoth	1
El Silencio	1
Culture Club	1
TheBalcony	1
Fernandinho	1
Fergie 	1
Brooke Adee	1
Dead By April	1
Vanessa Paradis	1
Speak Now (Deluxe Edition)	1
Daryl Hall &amp; John Oates	1
Beyonce Ft. Nicki Minaj	1
Kristen Bell, Agatha Lee Monn & Katie Lopez	1
Beyonce (Platinum Edition)	1
Boy	1
Hatsune Miku	1
Natasha Mosley	1
Richard Ashcroft	1
The Once	1
Drake ft. Lil Wayne &amp; Tyga	1
Yeasayer	1
Ben Barnes & The Stay All Night Rounders	1
Pumpin Blood	1
Super Junior	1
Mary Lambert	1
Calvin Harris & R3hab	1
La magia del Sax Vol. 2 Disc 2	1
Emeli Sande	1
KZA	1
Morgan Page &amp; Nadia Ali	1
Troye Sivan/Musicfire.in	1
Maroon 5 ft. Christina Aguilera	1
Varias	1
Boy George	1
Official Arctic Monkeys	1
Hunter Parrish, Wallace Smith & Godspell Ensemble	1
Lee Hong Gi	1
Madeline Juno	1
Let Go	1
The P Brothers	1
Bei Maejor	1
Just Push Play	1
Tattoo	1
Dave Barnes	1
Yiruma	1
Stonebridge	1
the postal service	1
The janoskians	1
flatsound	1
21st Century Breakdown	1
Nujabes Feat. Shing02	1
New Young Pony Club	1
Kandle	1
Nat "King" Cole	1
Future ft. T.I.	1
King Of Leon	1
Grace FitzGerald	1
Norah Jones	1
Cool for the Summer - Single	1
Fool's Garden	1
Plain White T's	1
Alison Sudol & Sounds Under Radio	1
Gossip	1
Kian & Jc	1
Starships Were Meant To Fly	1
Dolly Parton	1
Matty Lincoln	1
Rascal Flatts & Natasha Bedingfield	1
Ciara	1
Rex Avant	1
David Guetta & Chris Willis	1
Los 40 Principales del 09 al 15 de Agosto	1
State of Grace - Single	1
Justin Bieber Feat. Usher	1
Antonio Banderas & Los Lobos	1
Buck Owens	1
Kaiser Chiefs	1
P-Holla	1
Flavour	1
Zedd ft. Selena Gomez	1
Z-Ro	1
Faster Pussycat	1
Nina Nesbitt	1
